round,graph,degree,vertices
0,with_gasket,2,5
1,with_gasket,4,10
2,with_gasket,4,10
2,with_gasket,5,5
2,with_gasket,6,5
2,with_gasket,7,5
2,with_gasket,10,1
2,without_gasket,1,10
2,without_gasket,2,15
2,without_gasket,10,1
3,with_gasket,4,525
3,with_gasket,6,135
3,with_gasket,8,25
3,with_gasket,10,31
3,with_gasket,11,10
3,with_gasket,14,5
3,with_gasket,16,5
3,with_gasket,18,5
3,without_gasket,2,90
3,without_gasket,4,485
3,without_gasket,5,5
3,without_gasket,6,115
3,without_gasket,7,5
3,without_gasket,10,31
3,without_gasket,12,5
3,without_gasket,16,5
