direction_deg_mod_180,lines
0.0,7
6.645372,1
9.732301,2
11.818586,1
13.613822,2
18.0,1
22.386178,2
24.181414,1
26.267699,2
29.354628,1
36.0,7
42.645372,1
45.732301,2
47.818586,1
49.613822,2
54.0,1
58.386178,2
60.181414,1
62.267699,2
65.354628,1
72.0,7
78.645372,1
81.732301,2
83.818586,1
85.613822,2
90.0,1
94.386178,2
96.181414,1
98.267699,2
101.354628,1
108.0,7
114.645372,1
117.732301,2
119.818586,1
121.613822,2
126.0,1
130.386178,2
132.181414,1
134.267699,2
137.354628,1
144.0,7
150.645372,1
153.732301,2
155.818586,1
157.613822,2
162.0,1
166.386178,2
168.181414,1
170.267699,2
173.354628,1
