series,equation,a,b,c,rms_error_ln,round,value,kind,fitted
points,N(k) = e^(1.810 + 0.0794·3.956^k),1.809574049865863,0.07942729044455572,3.9562669053547914,0.1827095604568478,0,5.0,exact,6.612761484090596
points,N(k) = e^(1.810 + 0.0794·3.956^k),1.809574049865863,0.07942729044455572,3.9562669053547914,0.1827095604568478,1,10.0,exact,8.362936408276397
points,N(k) = e^(1.810 + 0.0794·3.956^k),1.809574049865863,0.07942729044455572,3.9562669053547914,0.1827095604568478,2,26.0,exact,21.173995441337137
points,N(k) = e^(1.810 + 0.0794·3.956^k),1.809574049865863,0.07942729044455572,3.9562669053547914,0.1827095604568478,3,741.0,exact,835.4780471875046
points,N(k) = e^(1.810 + 0.0794·3.956^k),1.809574049865863,0.07942729044455572,3.9562669053547914,0.1827095604568478,4,1751370799.8398192,estimate,1724487902.4878283
segments,N(k) = e^(1.854 + 0.0747·3.400^k),1.8535826803829747,0.07466514427747768,3.399755898546193,0.224343607909769,0,5.0,exact,6.8774491812664005
segments,N(k) = e^(1.854 + 0.0747·3.400^k),1.8535826803829747,0.07466514427747768,3.399755898546193,0.224343607909769,1,10.0,exact,8.227037160367976
segments,N(k) = e^(1.854 + 0.0747·3.400^k),1.8535826803829747,0.07466514427747768,3.399755898546193,0.224343607909769,2,20.0,exact,15.128612475614105
segments,N(k) = e^(1.854 + 0.0747·3.400^k),1.8535826803829747,0.07466514427747768,3.399755898546193,0.224343607909769,3,100.0,exact,120.01172943085606
segments,N(k) = e^(1.854 + 0.0747·3.400^k),1.8535826803829747,0.07466514427747768,3.399755898546193,0.224343607909769,4,140845.0,exact,137103.2560672326
