eigenvalue,multiplicity,in_Z[phi]_as_a+b*phi
-0.000000000000,1,0
0.052981712939,2,
0.092219110957,1,
0.150077982603,2,
0.178997023439,2,
0.275829942648,2,
0.297198134769,2,
0.309565530435,1,
0.412194617423,2,
0.420652796442,2,
0.473562388850,2,
0.552843474186,2,
0.593206567694,1,
0.605523290668,1,
0.607245803560,1,
0.620388192362,2,
0.657573009090,1,
0.694795654678,2,
0.750190688079,1,
0.769669793223,2,
0.789985486978,2,
0.834989746090,2,
0.847464168456,2,
0.964033874497,2,
0.998075593603,2,
0.998249362529,2,
1.004050199488,1,
1.071182599559,2,
1.095996865678,1,
1.096887952985,2,
1.142468139377,2,
1.178050388747,2,
1.182215293776,1,
1.214018083383,2,
1.277817050127,2,
1.282923119927,1,
1.300586249449,1,
1.317656457039,2,
1.367569005788,2,
1.401677709702,1,
1.411788992851,2,
1.450316852991,2,
1.467879092905,1,
1.479102496128,2,
1.524936599947,2,
1.556711411059,2,
1.575071071030,1,
1.585572377827,1,
1.585796994295,2,
1.632109300867,2,
1.677661720359,2,
1.715483846996,2,
1.733008915702,1,
1.791282242216,2,
1.828107872668,1,
1.831040821295,2,
1.855122578929,2,
1.874247844146,2,
1.917984704666,1,
1.950588987754,2,
1.964983338679,1,
2.018082318245,2,
2.023072457551,1,
2.028972217740,2,
2.060145020193,2,
2.075028170598,1,
2.087415226848,2,
2.091174472120,2,
2.104003070923,1,
2.152024028330,2,
2.152342165953,2,
2.161651906901,1,
2.194202647925,2,
2.198467336701,1,
2.250288386307,2,
2.254549601224,2,
2.297535064877,2,
2.312955578365,1,
2.342967081570,2,
2.383596235099,2,
2.396052126384,1,
2.401805314272,1,
2.415640921365,2,
2.436421693764,2,
2.463833520529,2,
2.476149404853,2,
2.520338502006,2,
2.530735152313,2,
2.566051399507,2,
2.589993287450,1,
2.630618631582,1,
2.638580258099,2,
2.654996578386,2,
2.656756490809,1,
2.665989471091,2,
2.666846825017,1,
2.689627045574,2,
2.702788030215,2,
2.716330877111,2,
2.749326201541,1,
2.769989445791,2,
2.773479559180,2,
2.800278037115,1,
2.821602028838,2,
2.830512831669,1,
2.838141870162,2,
2.879738397504,2,
2.915792288111,2,
2.923946030226,2,
2.952612108030,2,
2.953373676692,2,
2.965882647544,1,
2.973287706019,2,
2.974598407750,1,
2.992291826922,1,
3.011851237533,2,
3.023991124095,2,
3.036252817688,2,
3.066129850520,2,
3.069455655782,1,
3.087541119284,2,
3.102921323965,1,
3.114625981883,2,
3.131083954584,1,
3.151010594071,2,
3.162417002865,1,
3.175467990039,2,
3.177486780145,2,
3.206857334134,2,
3.216238376860,1,
3.217444242050,2,
3.227450300928,2,
3.242632006412,1,
3.256391155666,2,
3.261046595952,2,
3.269648464878,1,
3.285462052575,2,
3.300347166503,2,
3.318314601048,2,
3.321688176650,1,
3.338509706440,2,
3.357784370721,1,
3.361966128270,2,
3.389310623488,2,
3.395795030652,2,
3.444757593718,1,
3.449243980339,1,
3.464566721859,2,
3.471894114844,2,
3.502146553877,2,
3.509097721215,1,
3.519599285391,2,
3.525464722421,1,
3.551112237230,2,
3.567324765943,2,
3.620831859006,2,
3.637396274289,2,
3.659699948939,2,
3.671491868637,1,
3.688798040287,1,
3.710692135252,2,
3.725838217651,1,
3.730929560011,2,
3.740904426634,2,
3.749458793552,2,
3.756858293929,1,
3.801778366418,1,
3.820510455823,2,
3.832849049762,2,
3.845620838460,2,
3.850581743790,2,
3.863109000105,2,
3.867133989309,1,
3.872496506133,2,
3.887854866027,1,
3.895691066983,2,
3.902423158422,2,
3.904602070722,2,
3.912602785264,2,
3.926746856067,2,
3.928543013102,1,
3.930218254478,2,
3.945534104488,2,
3.953288840212,2,
3.956454977431,1,
3.965073056197,1,
4.047690928462,1,
4.061961583042,2,
4.082995652225,2,
4.119430687668,2,
4.126567369063,1,
4.129816601056,2,
4.180933161573,2,
4.182307675536,1,
4.185598045066,2,
4.203869287502,2,
4.221941950864,1,
4.224615916253,2,
4.228136413898,1,
4.238509423369,2,
4.247594058426,1,
4.255087377105,2,
4.261035341106,2,
4.279303696398,2,
4.308998646076,2,
4.329612988340,2,
4.336660541254,1,
4.337646110654,2,
4.343932118721,2,
4.353632314670,1,
4.359246192606,1,
4.372263030257,2,
4.382945731754,1,
4.385768095776,2,
4.391796145266,2,
4.410985194961,2,
4.433573449765,2,
4.435276131824,1,
4.448844370021,2,
4.456535032677,2,
4.458985527726,1,
4.475833448611,2,
4.537571807852,1,
4.541157580867,2,
4.542553814470,2,
4.547437454092,2,
4.550889142198,1,
4.551060414070,2,
4.601039219576,2,
4.606156056012,1,
4.606871558059,2,
4.624550217250,2,
4.653792930161,2,
4.655954772729,1,
4.666257623297,2,
4.668359022849,1,
4.683277415511,2,
4.735372754242,1,
4.743667007058,2,
4.758794391924,2,
4.787589544972,1,
4.798301804286,2,
4.798354854507,2,
4.808412615901,2,
4.811633136952,1,
4.821016533102,2,
4.848560697066,2,
4.851901676575,2,
4.853389815997,1,
4.872454895959,2,
4.875173826962,2,
4.877596625144,1,
4.883836415782,2,
4.908508437224,2,
4.920653640134,1,
4.923513013074,2,
4.927948875145,2,
4.938072291443,1,
4.939501055860,1,
4.957027804935,2,
4.969173932099,2,
5.181789608345,1,
5.189826787644,2,
5.202297374828,2,
5.202865130514,2,
5.206625795318,2,
5.210376005451,1,
5.315299135932,2,
5.319233124548,2,
5.321401788908,1,
5.364297745238,1,
5.372315751406,2,
5.386889610325,2,
5.422716703571,2,
5.437534714043,2,
5.439188162345,2,
5.445091889261,2,
5.445477898168,1,
5.455243988925,1,
5.461403584459,1,
5.462089689596,2,
5.464250166098,2,
5.471864443836,1,
5.481455989402,2,
5.489363747040,2,
5.532522025042,1,
5.544878906743,2,
5.558205714903,2,
5.631640343234,2,
5.634524654156,2,
5.636366788837,1,
5.767555783125,1,
5.769487692707,2,
5.771863408355,2,
5.773327916451,1,
5.774784815619,2,
5.775674291800,2,
5.777906664361,2,
5.778317959890,1,
5.779264167868,2,
6.019441954292,2,
6.027498398325,2,
6.032383853437,1,
6.087500239413,2,
6.094428610993,2,
6.107744060417,1,
6.121207420631,1,
6.139674114755,2,
6.140745400797,2,
6.143423048066,2,
6.146043253341,1,
6.151339897056,2,
6.152035406932,1,
6.154123300976,2,
6.155984421120,2,
6.506150242155,1,
6.506421433319,2,
6.506672430257,2,
6.556847687864,2,
6.558233350262,2,
6.559118769298,1,
6.628948150202,1,
6.632919114251,2,
6.642095721370,2,
6.752362608718,2,
6.755472781441,1,
6.756866487560,2,
6.759150526566,2,
6.766889678626,2,
6.783651288331,1,
6.796677585438,1,
6.821085960697,2,
6.828361060162,2,
6.831856027081,2,
6.834719282578,1,
6.846909385675,2,
6.859124109303,1,
6.865232957281,2,
6.874221704006,2,
6.956800337925,2,
6.966878657175,2,
6.974229903133,1,
6.975292747799,2,
6.987156152459,1,
6.991769562977,2,
6.998019106255,2,
7.026365866914,1,
7.029239142347,2,
7.032892404811,2,
7.033813745716,2,
7.059600024545,1,
7.181794006335,2,
7.219263087780,2,
7.264591083098,1,
7.308127414930,1,
7.368481289698,2,
7.431616830653,2,
7.474833602530,1,
7.479560096340,2,
7.494225720473,2,
7.542068370041,2,
7.556446744846,2,
7.556621881473,1,
7.560730956143,2,
7.561041595240,2,
7.561553037330,1,
7.565122562556,2,
7.590718319755,2,
7.608086113510,1,
7.654636968813,1,
7.657454418193,2,
7.659623977592,2,
7.666606714330,1,
7.670203001417,2,
7.671334458507,1,
7.681659693381,2,
7.683502261320,2,
7.696689033682,2,
7.711611623441,2,
7.716515958972,2,
7.718656009045,1,
7.873404100053,2,
7.917081896497,2,
7.948226032236,1,
7.955333362746,1,
7.980158727457,2,
8.002408335251,2,
8.032206715351,2,
8.036588542373,1,
8.044706663775,2,
8.050036788244,1,
8.051868377773,2,
8.066322301078,2,
8.122701940647,1,
8.126453775009,2,
8.133413895572,2,
8.409112956859,2,
8.450158794834,1,
8.620387316311,2,
8.952322969538,1,
8.968131356557,2,
9.010283306441,2,
9.064134499016,2,
9.109227320363,2,
9.126853995030,1,
9.132004304583,1,
9.475567925468,1,
9.477770646428,2,
9.491785380961,2,
9.525978406227,2,
9.538587540327,2,
9.544761492676,1,
10.195555382642,2,
10.210938594106,1,
10.322912431561,2,
10.513045447296,2,
10.530667728875,1,
10.531247138437,2,
10.531474389175,2,
10.719114782472,1,
11.009628825815,2,
11.085741877097,2,
11.113590597834,1,
11.242887944039,2,
11.389362488274,2,
11.650288700038,1,
11.780229547238,2,
11.805945092813,1,
11.806251819754,2,
11.837663739218,2,
11.918849788032,2,
12.169515706295,2,
12.759098560707,1,
12.847951899391,1,
12.892775934115,2,
13.140575599431,2,
15.208004852216,1,
15.244653940126,2,
15.369757277791,2,
17.159991181585,1,
17.164356100181,2,
17.171478532155,2,
19.174356451401,2,
19.179415921354,2,
19.182526387858,1,
